0.000000000000000000e+00,0.000000000000000000e+00,2.063690000000000069e+01
0.000000000000000000e+00,-5.684340000000000066e-14,2.063690000000000069e+01
0.000000000000000000e+00,-5.684340000000000066e-14,2.063690000000000069e+01
2.842170000000000033e-14,0.000000000000000000e+00,2.063690000000000069e+01
-2.842170000000000033e-14,5.684340000000000066e-14,2.063690000000000069e+01
0.000000000000000000e+00,0.000000000000000000e+00,2.063690000000000069e+01
0.000000000000000000e+00,-5.684340000000000066e-14,2.063690000000000069e+01
0.000000000000000000e+00,-5.684340000000000066e-14,2.063690000000000069e+01
0.000000000000000000e+00,0.000000000000000000e+00,2.063690000000000069e+01
0.000000000000000000e+00,5.684340000000000066e-14,2.063690000000000069e+01
-2.842170000000000033e-14,-5.684340000000000066e-14,2.063690000000000069e+01
2.842170000000000033e-14,-1.136870000000000032e-13,2.063690000000000069e+01
2.842170000000000033e-14,0.000000000000000000e+00,2.063690000000000069e+01
-2.842170000000000033e-14,0.000000000000000000e+00,2.063690000000000069e+01
0.000000000000000000e+00,-5.684340000000000066e-14,2.063690000000000069e+01
0.000000000000000000e+00,0.000000000000000000e+00,2.063690000000000069e+01
-4.263260000000000254e-14,0.000000000000000000e+00,2.063690000000000069e+01
0.000000000000000000e+00,-5.684340000000000066e-14,2.063690000000000069e+01
1.421089999999999905e-14,0.000000000000000000e+00,2.063690000000000069e+01
-1.421089999999999905e-14,0.000000000000000000e+00,2.063690000000000069e+01
4.263260000000000254e-14,0.000000000000000000e+00,2.063690000000000069e+01
0.000000000000000000e+00,0.000000000000000000e+00,2.063690000000000069e+01
2.842170000000000033e-14,0.000000000000000000e+00,2.063690000000000069e+01
4.263260000000000254e-14,5.684340000000000066e-14,2.063690000000000069e+01
0.000000000000000000e+00,0.000000000000000000e+00,2.063690000000000069e+01
1.421089999999999905e-14,-5.684340000000000066e-14,2.063690000000000069e+01
2.842170000000000033e-14,-5.684340000000000066e-14,2.063690000000000069e+01
-1.421089999999999905e-14,-5.684340000000000066e-14,2.063690000000000069e+01
2.842170000000000033e-14,-5.684340000000000066e-14,2.063690000000000069e+01
-2.842170000000000033e-14,5.684340000000000066e-14,2.063690000000000069e+01
2.842170000000000033e-14,0.000000000000000000e+00,2.063690000000000069e+01
-2.842170000000000033e-14,0.000000000000000000e+00,2.063690000000000069e+01
-1.421089999999999905e-14,0.000000000000000000e+00,2.063690000000000069e+01
1.421089999999999905e-14,5.684340000000000066e-14,2.063690000000000069e+01
-4.263260000000000254e-14,0.000000000000000000e+00,2.063690000000000069e+01
-2.842170000000000033e-14,5.684340000000000066e-14,2.063690000000000069e+01
4.263260000000000254e-14,0.000000000000000000e+00,2.063690000000000069e+01
-2.842170000000000033e-14,0.000000000000000000e+00,2.063690000000000069e+01
4.263260000000000254e-14,-5.684340000000000066e-14,2.063690000000000069e+01
0.000000000000000000e+00,0.000000000000000000e+00,2.063690000000000069e+01
-2.842170000000000033e-14,5.684340000000000066e-14,2.063690000000000069e+01
0.000000000000000000e+00,5.684340000000000066e-14,2.063690000000000069e+01
0.000000000000000000e+00,-5.684340000000000066e-14,2.063690000000000069e+01
1.421089999999999905e-14,0.000000000000000000e+00,2.063690000000000069e+01
-2.842170000000000033e-14,0.000000000000000000e+00,2.063690000000000069e+01
1.421089999999999905e-14,0.000000000000000000e+00,2.063690000000000069e+01
-1.421089999999999905e-14,5.684340000000000066e-14,2.063690000000000069e+01
1.421089999999999905e-14,-5.684340000000000066e-14,2.063690000000000069e+01
-1.421089999999999905e-14,1.136870000000000032e-13,2.063690000000000069e+01
1.421089999999999905e-14,0.000000000000000000e+00,2.063690000000000069e+01
2.842170000000000033e-14,0.000000000000000000e+00,2.063690000000000069e+01
-1.421089999999999905e-14,0.000000000000000000e+00,2.063690000000000069e+01
0.000000000000000000e+00,5.684340000000000066e-14,2.063690000000000069e+01
-2.842170000000000033e-14,0.000000000000000000e+00,2.063690000000000069e+01
1.421089999999999905e-14,-5.684340000000000066e-14,2.063690000000000069e+01
0.000000000000000000e+00,0.000000000000000000e+00,2.063690000000000069e+01
0.000000000000000000e+00,0.000000000000000000e+00,2.063690000000000069e+01
1.421089999999999905e-14,-5.684340000000000066e-14,2.063690000000000069e+01
1.421089999999999905e-14,-5.684340000000000066e-14,2.063690000000000069e+01
-1.421089999999999905e-14,0.000000000000000000e+00,2.063690000000000069e+01
0.000000000000000000e+00,0.000000000000000000e+00,2.063690000000000069e+01
-1.421089999999999905e-14,-5.684340000000000066e-14,2.063690000000000069e+01
1.421089999999999905e-14,5.684340000000000066e-14,2.063690000000000069e+01
0.000000000000000000e+00,-2.842170000000000033e-14,2.063690000000000069e+01
0.000000000000000000e+00,-2.842170000000000033e-14,2.063690000000000069e+01
1.421089999999999905e-14,0.000000000000000000e+00,2.063690000000000069e+01
-2.842170000000000033e-14,0.000000000000000000e+00,2.063690000000000069e+01
2.842170000000000033e-14,2.842170000000000033e-14,2.063690000000000069e+01
2.842170000000000033e-14,2.842170000000000033e-14,2.063690000000000069e+01
-2.842170000000000033e-14,2.842170000000000033e-14,2.063690000000000069e+01
0.000000000000000000e+00,0.000000000000000000e+00,2.063690000000000069e+01
2.842170000000000033e-14,0.000000000000000000e+00,2.063690000000000069e+01
0.000000000000000000e+00,0.000000000000000000e+00,2.063690000000000069e+01
2.842170000000000033e-14,0.000000000000000000e+00,2.063690000000000069e+01
2.842170000000000033e-14,-2.842170000000000033e-14,2.063690000000000069e+01
2.842170000000000033e-14,5.684340000000000066e-14,2.063690000000000069e+01
0.000000000000000000e+00,2.842170000000000033e-14,2.063690000000000069e+01
0.000000000000000000e+00,0.000000000000000000e+00,2.063690000000000069e+01
-2.842170000000000033e-14,5.684340000000000066e-14,2.063690000000000069e+01
0.000000000000000000e+00,-5.684340000000000066e-14,2.063690000000000069e+01
0.000000000000000000e+00,0.000000000000000000e+00,2.063690000000000069e+01
0.000000000000000000e+00,2.842170000000000033e-14,2.063690000000000069e+01
0.000000000000000000e+00,-5.684340000000000066e-14,2.063690000000000069e+01
0.000000000000000000e+00,0.000000000000000000e+00,2.063690000000000069e+01
0.000000000000000000e+00,-5.684340000000000066e-14,2.063690000000000069e+01
-2.842170000000000033e-14,0.000000000000000000e+00,2.063690000000000069e+01
0.000000000000000000e+00,5.684340000000000066e-14,2.063690000000000069e+01
0.000000000000000000e+00,0.000000000000000000e+00,2.063690000000000069e+01
0.000000000000000000e+00,-2.842170000000000033e-14,2.063690000000000069e+01
0.000000000000000000e+00,2.842170000000000033e-14,2.063690000000000069e+01
0.000000000000000000e+00,-2.842170000000000033e-14,2.063690000000000069e+01
2.842170000000000033e-14,-5.684340000000000066e-14,2.063690000000000069e+01
2.842170000000000033e-14,2.842170000000000033e-14,2.063690000000000069e+01
0.000000000000000000e+00,0.000000000000000000e+00,2.063690000000000069e+01
0.000000000000000000e+00,5.684340000000000066e-14,2.063690000000000069e+01
0.000000000000000000e+00,2.842170000000000033e-14,2.063690000000000069e+01
2.842170000000000033e-14,-2.842170000000000033e-14,2.063690000000000069e+01
0.000000000000000000e+00,0.000000000000000000e+00,2.063690000000000069e+01
2.842170000000000033e-14,-2.842170000000000033e-14,2.063690000000000069e+01
0.000000000000000000e+00,2.842170000000000033e-14,2.063690000000000069e+01
0.000000000000000000e+00,2.842170000000000033e-14,2.063690000000000069e+01
0.000000000000000000e+00,2.842170000000000033e-14,2.063690000000000069e+01
0.000000000000000000e+00,0.000000000000000000e+00,2.063690000000000069e+01
2.842170000000000033e-14,2.842170000000000033e-14,2.063690000000000069e+01
-2.842170000000000033e-14,0.000000000000000000e+00,2.063690000000000069e+01
0.000000000000000000e+00,2.842170000000000033e-14,2.063690000000000069e+01
2.842170000000000033e-14,5.684340000000000066e-14,2.063690000000000069e+01
0.000000000000000000e+00,5.684340000000000066e-14,2.063690000000000069e+01
0.000000000000000000e+00,-5.684340000000000066e-14,2.063690000000000069e+01
0.000000000000000000e+00,0.000000000000000000e+00,2.063690000000000069e+01
5.684340000000000066e-14,0.000000000000000000e+00,2.063690000000000069e+01
0.000000000000000000e+00,0.000000000000000000e+00,2.063690000000000069e+01
2.842170000000000033e-14,-2.842170000000000033e-14,2.063690000000000069e+01
0.000000000000000000e+00,2.842170000000000033e-14,2.063690000000000069e+01
0.000000000000000000e+00,0.000000000000000000e+00,2.063690000000000069e+01
0.000000000000000000e+00,-5.684340000000000066e-14,2.063690000000000069e+01
0.000000000000000000e+00,0.000000000000000000e+00,2.063690000000000069e+01
0.000000000000000000e+00,0.000000000000000000e+00,2.063690000000000069e+01
0.000000000000000000e+00,-5.684340000000000066e-14,2.063690000000000069e+01
2.842170000000000033e-14,-5.684340000000000066e-14,2.063690000000000069e+01
-2.842170000000000033e-14,0.000000000000000000e+00,2.063690000000000069e+01
0.000000000000000000e+00,0.000000000000000000e+00,2.063690000000000069e+01
2.842170000000000033e-14,-5.684340000000000066e-14,2.063690000000000069e+01
2.842170000000000033e-14,5.684340000000000066e-14,2.063690000000000069e+01
2.842170000000000033e-14,5.684340000000000066e-14,2.063690000000000069e+01
-2.842170000000000033e-14,0.000000000000000000e+00,2.063690000000000069e+01
0.000000000000000000e+00,5.684340000000000066e-14,2.063690000000000069e+01
0.000000000000000000e+00,0.000000000000000000e+00,2.063690000000000069e+01
0.000000000000000000e+00,0.000000000000000000e+00,2.063690000000000069e+01
0.000000000000000000e+00,0.000000000000000000e+00,2.063690000000000069e+01
5.684340000000000066e-14,-5.684340000000000066e-14,2.063690000000000069e+01
-1.421089999999999905e-14,0.000000000000000000e+00,2.063690000000000069e+01
1.421089999999999905e-14,0.000000000000000000e+00,2.063690000000000069e+01
1.421089999999999905e-14,0.000000000000000000e+00,2.063690000000000069e+01
0.000000000000000000e+00,-5.684340000000000066e-14,2.063690000000000069e+01
0.000000000000000000e+00,0.000000000000000000e+00,2.063690000000000069e+01
-1.421089999999999905e-14,0.000000000000000000e+00,2.063690000000000069e+01
1.421089999999999905e-14,0.000000000000000000e+00,2.063690000000000069e+01
-1.421089999999999905e-14,0.000000000000000000e+00,2.063690000000000069e+01
2.842170000000000033e-14,0.000000000000000000e+00,2.063690000000000069e+01
1.421089999999999905e-14,-5.684340000000000066e-14,2.063690000000000069e+01
-1.421089999999999905e-14,-5.684340000000000066e-14,2.063690000000000069e+01
-1.421089999999999905e-14,1.136870000000000032e-13,2.063690000000000069e+01
1.421089999999999905e-14,0.000000000000000000e+00,2.063690000000000069e+01
2.842170000000000033e-14,0.000000000000000000e+00,2.063690000000000069e+01
0.000000000000000000e+00,0.000000000000000000e+00,2.063690000000000069e+01
0.000000000000000000e+00,0.000000000000000000e+00,2.063690000000000069e+01
-4.263260000000000254e-14,0.000000000000000000e+00,2.063690000000000069e+01
-2.842170000000000033e-14,-5.684340000000000066e-14,2.063690000000000069e+01
2.842170000000000033e-14,0.000000000000000000e+00,2.063690000000000069e+01
2.842170000000000033e-14,0.000000000000000000e+00,2.063690000000000069e+01
0.000000000000000000e+00,5.684340000000000066e-14,2.063690000000000069e+01
0.000000000000000000e+00,5.684340000000000066e-14,2.063690000000000069e+01
0.000000000000000000e+00,-5.684340000000000066e-14,2.063690000000000069e+01
-5.684340000000000066e-14,0.000000000000000000e+00,2.063690000000000069e+01
0.000000000000000000e+00,-5.684340000000000066e-14,2.063690000000000069e+01
0.000000000000000000e+00,0.000000000000000000e+00,2.063690000000000069e+01
-8.526509999999999784e-14,0.000000000000000000e+00,2.063690000000000069e+01
2.842170000000000033e-14,0.000000000000000000e+00,2.063690000000000069e+01
0.000000000000000000e+00,0.000000000000000000e+00,2.063690000000000069e+01
0.000000000000000000e+00,0.000000000000000000e+00,2.063690000000000069e+01
2.842170000000000033e-14,0.000000000000000000e+00,2.063690000000000069e+01
-2.842170000000000033e-14,5.684340000000000066e-14,2.063690000000000069e+01
2.842170000000000033e-14,0.000000000000000000e+00,2.063690000000000069e+01
0.000000000000000000e+00,5.684340000000000066e-14,2.063690000000000069e+01
0.000000000000000000e+00,5.684340000000000066e-14,2.063690000000000069e+01
2.842170000000000033e-14,-5.684340000000000066e-14,2.063690000000000069e+01
-2.842170000000000033e-14,5.684340000000000066e-14,2.063690000000000069e+01
0.000000000000000000e+00,0.000000000000000000e+00,2.063690000000000069e+01
0.000000000000000000e+00,-5.684340000000000066e-14,2.063690000000000069e+01
-2.842170000000000033e-14,5.684340000000000066e-14,2.063690000000000069e+01
-2.842170000000000033e-14,0.000000000000000000e+00,2.063690000000000069e+01
1.421089999999999905e-14,0.000000000000000000e+00,2.063690000000000069e+01
0.000000000000000000e+00,0.000000000000000000e+00,2.063690000000000069e+01
0.000000000000000000e+00,5.684340000000000066e-14,2.063690000000000069e+01
0.000000000000000000e+00,-5.684340000000000066e-14,2.063690000000000069e+01
1.421089999999999905e-14,0.000000000000000000e+00,2.063690000000000069e+01
-1.421089999999999905e-14,0.000000000000000000e+00,2.063690000000000069e+01
0.000000000000000000e+00,0.000000000000000000e+00,2.063690000000000069e+01
0.000000000000000000e+00,0.000000000000000000e+00,2.063690000000000069e+01
2.842170000000000033e-14,-5.684340000000000066e-14,2.063690000000000069e+01
0.000000000000000000e+00,0.000000000000000000e+00,2.063690000000000069e+01
-2.842170000000000033e-14,5.684340000000000066e-14,2.063690000000000069e+01
0.000000000000000000e+00,0.000000000000000000e+00,2.063690000000000069e+01
2.842170000000000033e-14,0.000000000000000000e+00,2.063690000000000069e+01
-1.421089999999999905e-14,0.000000000000000000e+00,2.063690000000000069e+01
-2.842170000000000033e-14,-5.684340000000000066e-14,2.063690000000000069e+01
2.842170000000000033e-14,-5.684340000000000066e-14,2.063690000000000069e+01
-2.842170000000000033e-14,5.684340000000000066e-14,2.063690000000000069e+01
2.842170000000000033e-14,0.000000000000000000e+00,2.063690000000000069e+01
1.421089999999999905e-14,5.684340000000000066e-14,2.063690000000000069e+01
0.000000000000000000e+00,0.000000000000000000e+00,2.063690000000000069e+01
-2.842170000000000033e-14,-1.136870000000000032e-13,2.063690000000000069e+01
-1.421089999999999905e-14,5.684340000000000066e-14,2.063690000000000069e+01
1.421089999999999905e-14,-5.684340000000000066e-14,2.063690000000000069e+01
1.421089999999999905e-14,5.684340000000000066e-14,2.063690000000000069e+01
-2.842170000000000033e-14,-5.684340000000000066e-14,2.063690000000000069e+01
1.421089999999999905e-14,-5.684340000000000066e-14,2.063690000000000069e+01
0.000000000000000000e+00,0.000000000000000000e+00,2.063690000000000069e+01
-2.842170000000000033e-14,0.000000000000000000e+00,2.063690000000000069e+01
1.421089999999999905e-14,0.000000000000000000e+00,2.063690000000000069e+01
0.000000000000000000e+00,0.000000000000000000e+00,2.063690000000000069e+01
0.000000000000000000e+00,-5.684340000000000066e-14,2.063690000000000069e+01
-1.421089999999999905e-14,5.684340000000000066e-14,2.063690000000000069e+01
1.421089999999999905e-14,-5.684340000000000066e-14,2.063690000000000069e+01
-1.421089999999999905e-14,-5.684340000000000066e-14,2.063690000000000069e+01
-1.421089999999999905e-14,0.000000000000000000e+00,2.063690000000000069e+01
2.842170000000000033e-14,-5.684340000000000066e-14,2.063690000000000069e+01
-1.421089999999999905e-14,5.684340000000000066e-14,2.063690000000000069e+01
1.421089999999999905e-14,0.000000000000000000e+00,2.063690000000000069e+01
4.263260000000000254e-14,0.000000000000000000e+00,2.063690000000000069e+01
2.842170000000000033e-14,0.000000000000000000e+00,2.063690000000000069e+01
0.000000000000000000e+00,-5.684340000000000066e-14,2.063690000000000069e+01
0.000000000000000000e+00,5.684340000000000066e-14,2.063690000000000069e+01
5.684340000000000066e-14,-5.684340000000000066e-14,2.063690000000000069e+01
2.842170000000000033e-14,0.000000000000000000e+00,2.063690000000000069e+01
-2.842170000000000033e-14,5.684340000000000066e-14,2.063690000000000069e+01
0.000000000000000000e+00,5.684340000000000066e-14,2.063690000000000069e+01
0.000000000000000000e+00,0.000000000000000000e+00,2.063690000000000069e+01
-5.684340000000000066e-14,0.000000000000000000e+00,2.063690000000000069e+01
-2.842170000000000033e-14,5.684340000000000066e-14,2.063690000000000069e+01
-5.684340000000000066e-14,0.000000000000000000e+00,2.063690000000000069e+01
-2.842170000000000033e-14,5.684340000000000066e-14,2.063690000000000069e+01
2.842170000000000033e-14,0.000000000000000000e+00,2.063690000000000069e+01
0.000000000000000000e+00,0.000000000000000000e+00,2.063690000000000069e+01
5.684340000000000066e-14,-5.684340000000000066e-14,2.063690000000000069e+01
-5.684340000000000066e-14,5.684340000000000066e-14,2.063690000000000069e+01
5.684340000000000066e-14,0.000000000000000000e+00,2.063690000000000069e+01
-2.842170000000000033e-14,0.000000000000000000e+00,2.063690000000000069e+01
-2.842170000000000033e-14,1.136870000000000032e-13,2.063690000000000069e+01
-2.842170000000000033e-14,0.000000000000000000e+00,2.063690000000000069e+01
-2.842170000000000033e-14,0.000000000000000000e+00,2.063690000000000069e+01
2.842170000000000033e-14,0.000000000000000000e+00,2.063690000000000069e+01
5.684340000000000066e-14,-5.684340000000000066e-14,2.063690000000000069e+01
5.684340000000000066e-14,5.684340000000000066e-14,2.063690000000000069e+01
0.000000000000000000e+00,0.000000000000000000e+00,2.063690000000000069e+01
-5.684340000000000066e-14,0.000000000000000000e+00,2.063690000000000069e+01
0.000000000000000000e+00,0.000000000000000000e+00,2.063690000000000069e+01
-5.684340000000000066e-14,0.000000000000000000e+00,2.063690000000000069e+01
2.842170000000000033e-14,-1.136870000000000032e-13,2.063690000000000069e+01
-5.684340000000000066e-14,5.684340000000000066e-14,2.063690000000000069e+01
0.000000000000000000e+00,0.000000000000000000e+00,2.063690000000000069e+01
-2.842170000000000033e-14,5.684340000000000066e-14,2.063690000000000069e+01
0.000000000000000000e+00,0.000000000000000000e+00,2.063690000000000069e+01
2.842170000000000033e-14,0.000000000000000000e+00,2.063690000000000069e+01
2.842170000000000033e-14,0.000000000000000000e+00,2.063690000000000069e+01
2.842170000000000033e-14,0.000000000000000000e+00,2.063690000000000069e+01
8.526509999999999784e-14,5.684340000000000066e-14,2.063690000000000069e+01
-5.684340000000000066e-14,0.000000000000000000e+00,2.063690000000000069e+01
0.000000000000000000e+00,0.000000000000000000e+00,2.063690000000000069e+01
0.000000000000000000e+00,0.000000000000000000e+00,2.063690000000000069e+01
0.000000000000000000e+00,-5.684340000000000066e-14,2.063690000000000069e+01
0.000000000000000000e+00,0.000000000000000000e+00,2.063690000000000069e+01
-5.684340000000000066e-14,5.684340000000000066e-14,2.063690000000000069e+01
2.842170000000000033e-14,0.000000000000000000e+00,2.063690000000000069e+01
5.684340000000000066e-14,0.000000000000000000e+00,2.063690000000000069e+01
0.000000000000000000e+00,5.684340000000000066e-14,2.063690000000000069e+01
2.842170000000000033e-14,0.000000000000000000e+00,2.063690000000000069e+01
-2.842170000000000033e-14,0.000000000000000000e+00,2.063690000000000069e+01
0.000000000000000000e+00,0.000000000000000000e+00,2.063690000000000069e+01
0.000000000000000000e+00,5.684340000000000066e-14,2.063690000000000069e+01
-5.684340000000000066e-14,0.000000000000000000e+00,2.063690000000000069e+01
-5.684340000000000066e-14,5.684340000000000066e-14,2.063690000000000069e+01
0.000000000000000000e+00,-5.684340000000000066e-14,2.063690000000000069e+01
0.000000000000000000e+00,0.000000000000000000e+00,2.063690000000000069e+01
-5.684340000000000066e-14,-5.684340000000000066e-14,2.063690000000000069e+01
5.684340000000000066e-14,-5.684340000000000066e-14,2.063690000000000069e+01
-5.684340000000000066e-14,0.000000000000000000e+00,2.063690000000000069e+01
0.000000000000000000e+00,0.000000000000000000e+00,2.063690000000000069e+01
5.684340000000000066e-14,5.684340000000000066e-14,2.063690000000000069e+01
0.000000000000000000e+00,-5.684340000000000066e-14,2.063690000000000069e+01
0.000000000000000000e+00,0.000000000000000000e+00,2.063690000000000069e+01
-5.684340000000000066e-14,0.000000000000000000e+00,2.063690000000000069e+01
1.421089999999999905e-14,0.000000000000000000e+00,2.063690000000000069e+01
-2.842170000000000033e-14,0.000000000000000000e+00,2.063690000000000069e+01
0.000000000000000000e+00,5.684340000000000066e-14,2.063690000000000069e+01
2.842170000000000033e-14,5.684340000000000066e-14,2.063690000000000069e+01
-1.421089999999999905e-14,0.000000000000000000e+00,2.063690000000000069e+01
0.000000000000000000e+00,0.000000000000000000e+00,2.063690000000000069e+01
-2.842170000000000033e-14,0.000000000000000000e+00,2.063690000000000069e+01
1.421089999999999905e-14,0.000000000000000000e+00,2.063690000000000069e+01
-2.842170000000000033e-14,-5.684340000000000066e-14,2.063690000000000069e+01
0.000000000000000000e+00,-5.684340000000000066e-14,2.063690000000000069e+01
0.000000000000000000e+00,0.000000000000000000e+00,2.063690000000000069e+01
-2.842170000000000033e-14,0.000000000000000000e+00,2.063690000000000069e+01
0.000000000000000000e+00,0.000000000000000000e+00,2.063690000000000069e+01
-2.842170000000000033e-14,5.684340000000000066e-14,2.063690000000000069e+01
0.000000000000000000e+00,5.684340000000000066e-14,2.063690000000000069e+01
0.000000000000000000e+00,0.000000000000000000e+00,2.063690000000000069e+01
0.000000000000000000e+00,5.684340000000000066e-14,2.063690000000000069e+01
2.842170000000000033e-14,0.000000000000000000e+00,2.063690000000000069e+01
-2.842170000000000033e-14,0.000000000000000000e+00,2.063690000000000069e+01
2.842170000000000033e-14,0.000000000000000000e+00,2.063690000000000069e+01
2.842170000000000033e-14,-5.684340000000000066e-14,2.063690000000000069e+01
-2.842170000000000033e-14,-5.684340000000000066e-14,2.063690000000000069e+01
-2.842170000000000033e-14,5.684340000000000066e-14,2.063690000000000069e+01
0.000000000000000000e+00,0.000000000000000000e+00,2.063690000000000069e+01
0.000000000000000000e+00,-5.684340000000000066e-14,2.063690000000000069e+01
0.000000000000000000e+00,-5.684340000000000066e-14,2.063690000000000069e+01
0.000000000000000000e+00,0.000000000000000000e+00,2.063690000000000069e+01
2.842170000000000033e-14,5.684340000000000066e-14,2.063690000000000069e+01
2.842170000000000033e-14,-5.684340000000000066e-14,2.063690000000000069e+01
-2.842170000000000033e-14,-5.684340000000000066e-14,2.063690000000000069e+01
2.842170000000000033e-14,0.000000000000000000e+00,2.063690000000000069e+01
0.000000000000000000e+00,5.684340000000000066e-14,2.063690000000000069e+01
0.000000000000000000e+00,0.000000000000000000e+00,2.063690000000000069e+01
-2.842170000000000033e-14,5.684340000000000066e-14,2.063690000000000069e+01
0.000000000000000000e+00,0.000000000000000000e+00,2.063690000000000069e+01
0.000000000000000000e+00,0.000000000000000000e+00,2.063690000000000069e+01
2.842170000000000033e-14,5.684340000000000066e-14,2.063690000000000069e+01
-2.842170000000000033e-14,-5.684340000000000066e-14,2.063690000000000069e+01
2.842170000000000033e-14,0.000000000000000000e+00,2.063690000000000069e+01
-2.842170000000000033e-14,0.000000000000000000e+00,2.063690000000000069e+01
0.000000000000000000e+00,5.684340000000000066e-14,2.063690000000000069e+01
0.000000000000000000e+00,5.684340000000000066e-14,2.063690000000000069e+01
2.842170000000000033e-14,0.000000000000000000e+00,2.063690000000000069e+01
0.000000000000000000e+00,5.684340000000000066e-14,2.063690000000000069e+01
2.842170000000000033e-14,5.684340000000000066e-14,2.063690000000000069e+01
-2.842170000000000033e-14,0.000000000000000000e+00,2.063690000000000069e+01
0.000000000000000000e+00,0.000000000000000000e+00,2.063690000000000069e+01
0.000000000000000000e+00,0.000000000000000000e+00,2.063690000000000069e+01
0.000000000000000000e+00,0.000000000000000000e+00,2.063690000000000069e+01
-2.842170000000000033e-14,0.000000000000000000e+00,2.063690000000000069e+01
0.000000000000000000e+00,0.000000000000000000e+00,2.063690000000000069e+01
0.000000000000000000e+00,0.000000000000000000e+00,2.063690000000000069e+01
0.000000000000000000e+00,5.684340000000000066e-14,2.063690000000000069e+01
-2.842170000000000033e-14,0.000000000000000000e+00,2.063690000000000069e+01
-2.842170000000000033e-14,5.684340000000000066e-14,2.063690000000000069e+01
-2.842170000000000033e-14,0.000000000000000000e+00,2.063690000000000069e+01
0.000000000000000000e+00,0.000000000000000000e+00,2.063690000000000069e+01
0.000000000000000000e+00,0.000000000000000000e+00,2.063690000000000069e+01
0.000000000000000000e+00,5.684340000000000066e-14,2.063690000000000069e+01
0.000000000000000000e+00,-5.684340000000000066e-14,2.063690000000000069e+01
0.000000000000000000e+00,5.684340000000000066e-14,2.063690000000000069e+01
-2.842170000000000033e-14,0.000000000000000000e+00,2.063690000000000069e+01
2.842170000000000033e-14,0.000000000000000000e+00,2.063690000000000069e+01
0.000000000000000000e+00,-5.684340000000000066e-14,2.063690000000000069e+01
-2.842170000000000033e-14,-5.684340000000000066e-14,2.063690000000000069e+01
-5.684340000000000066e-14,0.000000000000000000e+00,2.063690000000000069e+01
0.000000000000000000e+00,-5.684340000000000066e-14,2.063690000000000069e+01
0.000000000000000000e+00,0.000000000000000000e+00,2.063690000000000069e+01
-2.842170000000000033e-14,0.000000000000000000e+00,2.063690000000000069e+01
0.000000000000000000e+00,0.000000000000000000e+00,2.063690000000000069e+01
0.000000000000000000e+00,0.000000000000000000e+00,2.063690000000000069e+01
2.842170000000000033e-14,0.000000000000000000e+00,2.063690000000000069e+01
0.000000000000000000e+00,-5.684340000000000066e-14,2.063690000000000069e+01
0.000000000000000000e+00,5.684340000000000066e-14,2.063690000000000069e+01
-2.842170000000000033e-14,5.684340000000000066e-14,2.063690000000000069e+01
0.000000000000000000e+00,5.684340000000000066e-14,2.063690000000000069e+01
-2.842170000000000033e-14,0.000000000000000000e+00,2.063690000000000069e+01
-1.421089999999999905e-14,0.000000000000000000e+00,2.063690000000000069e+01
-1.421089999999999905e-14,5.684340000000000066e-14,2.063690000000000069e+01
-2.842170000000000033e-14,0.000000000000000000e+00,2.063690000000000069e+01
0.000000000000000000e+00,5.684340000000000066e-14,2.063690000000000069e+01
0.000000000000000000e+00,-5.684340000000000066e-14,2.063690000000000069e+01
2.842170000000000033e-14,5.684340000000000066e-14,2.063690000000000069e+01
0.000000000000000000e+00,0.000000000000000000e+00,2.063690000000000069e+01
2.842170000000000033e-14,5.684340000000000066e-14,2.063690000000000069e+01
0.000000000000000000e+00,5.684340000000000066e-14,2.063690000000000069e+01
0.000000000000000000e+00,0.000000000000000000e+00,2.063690000000000069e+01
2.842170000000000033e-14,0.000000000000000000e+00,2.063690000000000069e+01
0.000000000000000000e+00,0.000000000000000000e+00,2.063690000000000069e+01
-1.421089999999999905e-14,5.684340000000000066e-14,2.063690000000000069e+01
1.421089999999999905e-14,0.000000000000000000e+00,2.063690000000000069e+01
-1.421089999999999905e-14,0.000000000000000000e+00,2.063690000000000069e+01
-2.842170000000000033e-14,5.684340000000000066e-14,2.063690000000000069e+01
-1.421089999999999905e-14,0.000000000000000000e+00,2.063690000000000069e+01
-1.421089999999999905e-14,0.000000000000000000e+00,2.063690000000000069e+01
0.000000000000000000e+00,-5.684340000000000066e-14,2.063690000000000069e+01
2.842170000000000033e-14,5.684340000000000066e-14,2.063690000000000069e+01
0.000000000000000000e+00,0.000000000000000000e+00,2.063690000000000069e+01
1.421089999999999905e-14,5.684340000000000066e-14,2.063690000000000069e+01
2.842170000000000033e-14,0.000000000000000000e+00,2.063690000000000069e+01
0.000000000000000000e+00,5.684340000000000066e-14,2.063690000000000069e+01
0.000000000000000000e+00,-5.684340000000000066e-14,2.063690000000000069e+01
0.000000000000000000e+00,0.000000000000000000e+00,2.063690000000000069e+01
-2.842170000000000033e-14,5.684340000000000066e-14,2.063690000000000069e+01
0.000000000000000000e+00,0.000000000000000000e+00,2.063690000000000069e+01
1.421089999999999905e-14,0.000000000000000000e+00,2.063690000000000069e+01
-1.421089999999999905e-14,1.136870000000000032e-13,2.063690000000000069e+01
0.000000000000000000e+00,5.684340000000000066e-14,2.063690000000000069e+01
-1.421089999999999905e-14,0.000000000000000000e+00,2.063690000000000069e+01
0.000000000000000000e+00,-5.684340000000000066e-14,2.063690000000000069e+01
1.421089999999999905e-14,5.684340000000000066e-14,2.063690000000000069e+01
1.421089999999999905e-14,-5.684340000000000066e-14,2.063690000000000069e+01
-1.421089999999999905e-14,0.000000000000000000e+00,2.063690000000000069e+01
0.000000000000000000e+00,-5.684340000000000066e-14,2.063690000000000069e+01
0.000000000000000000e+00,0.000000000000000000e+00,2.063690000000000069e+01
1.421089999999999905e-14,5.684340000000000066e-14,2.063690000000000069e+01
0.000000000000000000e+00,5.684340000000000066e-14,2.063690000000000069e+01
-4.263260000000000254e-14,0.000000000000000000e+00,2.063690000000000069e+01
0.000000000000000000e+00,0.000000000000000000e+00,2.063690000000000069e+01
1.421089999999999905e-14,0.000000000000000000e+00,2.063690000000000069e+01
-1.421089999999999905e-14,5.684340000000000066e-14,2.063690000000000069e+01
-1.421089999999999905e-14,0.000000000000000000e+00,2.063690000000000069e+01
1.421089999999999905e-14,5.684340000000000066e-14,2.063690000000000069e+01
0.000000000000000000e+00,5.684340000000000066e-14,2.063690000000000069e+01
0.000000000000000000e+00,-5.684340000000000066e-14,2.063690000000000069e+01
-1.421089999999999905e-14,-5.684340000000000066e-14,2.063690000000000069e+01
0.000000000000000000e+00,0.000000000000000000e+00,2.063690000000000069e+01
0.000000000000000000e+00,0.000000000000000000e+00,2.063690000000000069e+01
-1.421089999999999905e-14,-5.684340000000000066e-14,2.063690000000000069e+01
-1.421089999999999905e-14,0.000000000000000000e+00,2.063690000000000069e+01
1.421089999999999905e-14,0.000000000000000000e+00,2.063690000000000069e+01
-1.421089999999999905e-14,5.684340000000000066e-14,2.063690000000000069e+01
0.000000000000000000e+00,0.000000000000000000e+00,2.063690000000000069e+01
0.000000000000000000e+00,0.000000000000000000e+00,2.063690000000000069e+01
-1.421089999999999905e-14,-5.684340000000000066e-14,2.063690000000000069e+01
-1.421089999999999905e-14,1.136870000000000032e-13,2.063690000000000069e+01
-1.421089999999999905e-14,-5.684340000000000066e-14,2.063690000000000069e+01
0.000000000000000000e+00,-5.684340000000000066e-14,2.063690000000000069e+01
-1.421089999999999905e-14,0.000000000000000000e+00,2.063690000000000069e+01
1.421089999999999905e-14,0.000000000000000000e+00,2.063690000000000069e+01
1.421089999999999905e-14,5.684340000000000066e-14,2.063690000000000069e+01
1.421089999999999905e-14,-5.684340000000000066e-14,2.063690000000000069e+01
0.000000000000000000e+00,-5.684340000000000066e-14,2.063690000000000069e+01
1.421089999999999905e-14,0.000000000000000000e+00,2.063690000000000069e+01
0.000000000000000000e+00,1.136870000000000032e-13,2.063690000000000069e+01
1.421089999999999905e-14,0.000000000000000000e+00,2.063690000000000069e+01
0.000000000000000000e+00,0.000000000000000000e+00,2.063690000000000069e+01
0.000000000000000000e+00,0.000000000000000000e+00,2.063690000000000069e+01
0.000000000000000000e+00,0.000000000000000000e+00,2.063690000000000069e+01
-2.842170000000000033e-14,0.000000000000000000e+00,2.063690000000000069e+01
2.842170000000000033e-14,-5.684340000000000066e-14,2.063690000000000069e+01
-1.421089999999999905e-14,0.000000000000000000e+00,2.063690000000000069e+01
-1.421089999999999905e-14,0.000000000000000000e+00,2.063690000000000069e+01
0.000000000000000000e+00,1.136870000000000032e-13,2.063690000000000069e+01
-2.842170000000000033e-14,-5.684340000000000066e-14,2.063690000000000069e+01
1.421089999999999905e-14,5.684340000000000066e-14,2.063690000000000069e+01
1.421089999999999905e-14,0.000000000000000000e+00,2.063690000000000069e+01
-2.842170000000000033e-14,1.136870000000000032e-13,2.063690000000000069e+01
-1.421089999999999905e-14,0.000000000000000000e+00,2.063690000000000069e+01
1.421089999999999905e-14,0.000000000000000000e+00,2.063690000000000069e+01
1.421089999999999905e-14,5.684340000000000066e-14,2.063690000000000069e+01
0.000000000000000000e+00,-5.684340000000000066e-14,2.063690000000000069e+01
0.000000000000000000e+00,-1.136870000000000032e-13,2.063690000000000069e+01
0.000000000000000000e+00,1.136870000000000032e-13,2.063690000000000069e+01
2.842170000000000033e-14,-5.684340000000000066e-14,2.063690000000000069e+01
5.684340000000000066e-14,-1.136870000000000032e-13,2.063690000000000069e+01
0.000000000000000000e+00,0.000000000000000000e+00,2.063690000000000069e+01
2.842170000000000033e-14,0.000000000000000000e+00,2.063690000000000069e+01
-2.842170000000000033e-14,0.000000000000000000e+00,2.063690000000000069e+01
0.000000000000000000e+00,0.000000000000000000e+00,2.063690000000000069e+01
0.000000000000000000e+00,0.000000000000000000e+00,2.063690000000000069e+01
0.000000000000000000e+00,0.000000000000000000e+00,2.063690000000000069e+01
-2.842170000000000033e-14,0.000000000000000000e+00,2.063690000000000069e+01
2.842170000000000033e-14,0.000000000000000000e+00,2.063690000000000069e+01
-2.842170000000000033e-14,0.000000000000000000e+00,2.063690000000000069e+01
0.000000000000000000e+00,5.684340000000000066e-14,2.063690000000000069e+01
2.842170000000000033e-14,-5.684340000000000066e-14,2.063690000000000069e+01
2.842170000000000033e-14,0.000000000000000000e+00,2.063690000000000069e+01
0.000000000000000000e+00,5.684340000000000066e-14,2.063690000000000069e+01
-2.842170000000000033e-14,0.000000000000000000e+00,2.063690000000000069e+01
0.000000000000000000e+00,-5.684340000000000066e-14,2.063690000000000069e+01
0.000000000000000000e+00,5.684340000000000066e-14,2.063690000000000069e+01
0.000000000000000000e+00,-5.684340000000000066e-14,2.063690000000000069e+01
2.842170000000000033e-14,0.000000000000000000e+00,2.063690000000000069e+01
0.000000000000000000e+00,5.684340000000000066e-14,2.063690000000000069e+01
2.842170000000000033e-14,0.000000000000000000e+00,2.063690000000000069e+01
0.000000000000000000e+00,0.000000000000000000e+00,2.063690000000000069e+01
2.842170000000000033e-14,0.000000000000000000e+00,2.063690000000000069e+01
2.842170000000000033e-14,0.000000000000000000e+00,2.063690000000000069e+01
-1.421089999999999905e-14,0.000000000000000000e+00,2.063690000000000069e+01
-2.842170000000000033e-14,-5.684340000000000066e-14,2.063690000000000069e+01
2.842170000000000033e-14,0.000000000000000000e+00,2.063690000000000069e+01
0.000000000000000000e+00,-5.684340000000000066e-14,2.063690000000000069e+01
0.000000000000000000e+00,0.000000000000000000e+00,2.063690000000000069e+01
-1.421089999999999905e-14,5.684340000000000066e-14,2.063690000000000069e+01
1.421089999999999905e-14,-1.136870000000000032e-13,2.063690000000000069e+01
-2.842170000000000033e-14,0.000000000000000000e+00,2.063690000000000069e+01
1.421089999999999905e-14,-5.684340000000000066e-14,2.063690000000000069e+01
1.421089999999999905e-14,0.000000000000000000e+00,2.063690000000000069e+01
-2.842170000000000033e-14,5.684340000000000066e-14,2.063690000000000069e+01
0.000000000000000000e+00,-5.684340000000000066e-14,2.063690000000000069e+01
2.842170000000000033e-14,-5.684340000000000066e-14,2.063690000000000069e+01
0.000000000000000000e+00,5.684340000000000066e-14,2.063690000000000069e+01
2.842170000000000033e-14,0.000000000000000000e+00,2.063690000000000069e+01
0.000000000000000000e+00,0.000000000000000000e+00,2.063690000000000069e+01
0.000000000000000000e+00,0.000000000000000000e+00,2.063690000000000069e+01
0.000000000000000000e+00,0.000000000000000000e+00,2.063690000000000069e+01
2.842170000000000033e-14,5.684340000000000066e-14,2.063690000000000069e+01
2.842170000000000033e-14,0.000000000000000000e+00,2.063690000000000069e+01
-2.842170000000000033e-14,5.684340000000000066e-14,2.063690000000000069e+01
-2.842170000000000033e-14,0.000000000000000000e+00,2.063690000000000069e+01
0.000000000000000000e+00,0.000000000000000000e+00,2.063690000000000069e+01
0.000000000000000000e+00,5.684340000000000066e-14,2.063690000000000069e+01
2.842170000000000033e-14,0.000000000000000000e+00,2.063690000000000069e+01
2.842170000000000033e-14,0.000000000000000000e+00,2.063690000000000069e+01
-2.842170000000000033e-14,-5.684340000000000066e-14,2.063690000000000069e+01
2.842170000000000033e-14,0.000000000000000000e+00,2.063690000000000069e+01
2.842170000000000033e-14,0.000000000000000000e+00,2.063690000000000069e+01
2.842170000000000033e-14,0.000000000000000000e+00,2.063690000000000069e+01
2.842170000000000033e-14,0.000000000000000000e+00,2.063690000000000069e+01
2.842170000000000033e-14,-5.684340000000000066e-14,2.063690000000000069e+01
-2.842170000000000033e-14,0.000000000000000000e+00,2.063690000000000069e+01
-2.842170000000000033e-14,-5.684340000000000066e-14,2.063690000000000069e+01
2.842170000000000033e-14,0.000000000000000000e+00,2.063690000000000069e+01
2.842170000000000033e-14,0.000000000000000000e+00,2.063690000000000069e+01
2.842170000000000033e-14,5.684340000000000066e-14,2.063690000000000069e+01
2.842170000000000033e-14,0.000000000000000000e+00,2.063690000000000069e+01
-2.842170000000000033e-14,0.000000000000000000e+00,2.063690000000000069e+01
2.842170000000000033e-14,-5.684340000000000066e-14,2.063690000000000069e+01
-2.842170000000000033e-14,-5.684340000000000066e-14,2.063690000000000069e+01
0.000000000000000000e+00,-5.684340000000000066e-14,2.063690000000000069e+01
0.000000000000000000e+00,5.684340000000000066e-14,2.063690000000000069e+01
2.842170000000000033e-14,0.000000000000000000e+00,2.063690000000000069e+01
-2.842170000000000033e-14,-5.684340000000000066e-14,2.063690000000000069e+01
0.000000000000000000e+00,-5.684340000000000066e-14,2.063690000000000069e+01
0.000000000000000000e+00,-5.684340000000000066e-14,2.063690000000000069e+01
2.842170000000000033e-14,0.000000000000000000e+00,2.063690000000000069e+01
-2.842170000000000033e-14,0.000000000000000000e+00,2.063690000000000069e+01
0.000000000000000000e+00,0.000000000000000000e+00,2.063690000000000069e+01
2.842170000000000033e-14,-5.684340000000000066e-14,2.063690000000000069e+01
-2.842170000000000033e-14,0.000000000000000000e+00,2.063690000000000069e+01
0.000000000000000000e+00,0.000000000000000000e+00,2.063690000000000069e+01
0.000000000000000000e+00,5.684340000000000066e-14,2.063690000000000069e+01
2.842170000000000033e-14,-5.684340000000000066e-14,2.063690000000000069e+01
2.842170000000000033e-14,0.000000000000000000e+00,2.063690000000000069e+01
-2.842170000000000033e-14,5.684340000000000066e-14,2.063690000000000069e+01
-2.842170000000000033e-14,0.000000000000000000e+00,2.063690000000000069e+01
5.684340000000000066e-14,0.000000000000000000e+00,2.063690000000000069e+01
0.000000000000000000e+00,5.684340000000000066e-14,2.063690000000000069e+01
0.000000000000000000e+00,0.000000000000000000e+00,2.063690000000000069e+01
-2.842170000000000033e-14,0.000000000000000000e+00,2.063690000000000069e+01
2.842170000000000033e-14,-5.684340000000000066e-14,2.063690000000000069e+01
0.000000000000000000e+00,-5.684340000000000066e-14,2.063690000000000069e+01
5.684340000000000066e-14,0.000000000000000000e+00,2.063690000000000069e+01
4.263260000000000254e-14,0.000000000000000000e+00,2.063690000000000069e+01
1.421089999999999905e-14,-5.684340000000000066e-14,2.063690000000000069e+01
0.000000000000000000e+00,0.000000000000000000e+00,2.063690000000000069e+01
-1.421089999999999905e-14,0.000000000000000000e+00,2.063690000000000069e+01
0.000000000000000000e+00,1.136870000000000032e-13,2.063690000000000069e+01
-4.263260000000000254e-14,5.684340000000000066e-14,2.063690000000000069e+01
0.000000000000000000e+00,0.000000000000000000e+00,2.063690000000000069e+01
0.000000000000000000e+00,0.000000000000000000e+00,2.063690000000000069e+01
2.842170000000000033e-14,0.000000000000000000e+00,2.063690000000000069e+01
1.421089999999999905e-14,5.684340000000000066e-14,2.063690000000000069e+01
0.000000000000000000e+00,0.000000000000000000e+00,2.063690000000000069e+01
0.000000000000000000e+00,0.000000000000000000e+00,2.063690000000000069e+01
0.000000000000000000e+00,0.000000000000000000e+00,2.063690000000000069e+01
-1.421089999999999905e-14,5.684340000000000066e-14,2.063690000000000069e+01
-1.421089999999999905e-14,-5.684340000000000066e-14,2.063690000000000069e+01
-1.421089999999999905e-14,0.000000000000000000e+00,2.063690000000000069e+01
1.421089999999999905e-14,-2.842170000000000033e-14,2.063690000000000069e+01
1.421089999999999905e-14,2.842170000000000033e-14,2.063690000000000069e+01
-1.421089999999999905e-14,0.000000000000000000e+00,2.063690000000000069e+01
0.000000000000000000e+00,2.842170000000000033e-14,2.063690000000000069e+01
0.000000000000000000e+00,2.842170000000000033e-14,2.063690000000000069e+01
0.000000000000000000e+00,2.842170000000000033e-14,2.063690000000000069e+01
2.842170000000000033e-14,0.000000000000000000e+00,2.063690000000000069e+01
-1.421089999999999905e-14,0.000000000000000000e+00,2.063690000000000069e+01
-2.842170000000000033e-14,2.842170000000000033e-14,2.063690000000000069e+01
1.421089999999999905e-14,2.842170000000000033e-14,2.063690000000000069e+01
0.000000000000000000e+00,0.000000000000000000e+00,2.063690000000000069e+01
0.000000000000000000e+00,0.000000000000000000e+00,2.063690000000000069e+01
1.421089999999999905e-14,0.000000000000000000e+00,2.063690000000000069e+01
-1.421089999999999905e-14,0.000000000000000000e+00,2.063690000000000069e+01
0.000000000000000000e+00,5.684340000000000066e-14,2.063690000000000069e+01
0.000000000000000000e+00,5.684340000000000066e-14,2.063690000000000069e+01
0.000000000000000000e+00,0.000000000000000000e+00,2.063690000000000069e+01
0.000000000000000000e+00,5.684340000000000066e-14,2.063690000000000069e+01
-2.842170000000000033e-14,0.000000000000000000e+00,2.063690000000000069e+01
0.000000000000000000e+00,0.000000000000000000e+00,2.063690000000000069e+01
0.000000000000000000e+00,0.000000000000000000e+00,2.063690000000000069e+01
0.000000000000000000e+00,-5.684340000000000066e-14,2.063690000000000069e+01
0.000000000000000000e+00,-5.684340000000000066e-14,2.063690000000000069e+01
0.000000000000000000e+00,-5.684340000000000066e-14,2.063690000000000069e+01
2.842170000000000033e-14,0.000000000000000000e+00,2.063690000000000069e+01
0.000000000000000000e+00,-5.684340000000000066e-14,2.063690000000000069e+01
0.000000000000000000e+00,5.684340000000000066e-14,2.063690000000000069e+01
-2.842170000000000033e-14,0.000000000000000000e+00,2.063690000000000069e+01
2.842170000000000033e-14,5.684340000000000066e-14,2.063690000000000069e+01
-4.263260000000000254e-14,0.000000000000000000e+00,2.063690000000000069e+01
1.421089999999999905e-14,0.000000000000000000e+00,2.063690000000000069e+01
1.421089999999999905e-14,5.684340000000000066e-14,2.063690000000000069e+01
0.000000000000000000e+00,-5.684340000000000066e-14,2.063690000000000069e+01
2.842170000000000033e-14,0.000000000000000000e+00,2.063690000000000069e+01
1.421089999999999905e-14,-5.684340000000000066e-14,2.063690000000000069e+01
-4.263260000000000254e-14,0.000000000000000000e+00,2.063690000000000069e+01
2.842170000000000033e-14,0.000000000000000000e+00,2.063690000000000069e+01
-2.842170000000000033e-14,5.684340000000000066e-14,2.063690000000000069e+01
-1.421089999999999905e-14,1.136870000000000032e-13,2.063690000000000069e+01
4.263260000000000254e-14,0.000000000000000000e+00,2.063690000000000069e+01
0.000000000000000000e+00,-5.684340000000000066e-14,2.063690000000000069e+01
0.000000000000000000e+00,5.684340000000000066e-14,2.063690000000000069e+01
2.842170000000000033e-14,0.000000000000000000e+00,2.063690000000000069e+01
0.000000000000000000e+00,0.000000000000000000e+00,2.063690000000000069e+01
-1.421089999999999905e-14,0.000000000000000000e+00,2.063690000000000069e+01
-1.421089999999999905e-14,5.684340000000000066e-14,2.063690000000000069e+01
-4.263260000000000254e-14,0.000000000000000000e+00,2.063690000000000069e+01
-2.842170000000000033e-14,5.684340000000000066e-14,2.063690000000000069e+01
2.842170000000000033e-14,5.684340000000000066e-14,2.063690000000000069e+01
2.842170000000000033e-14,-5.684340000000000066e-14,2.063690000000000069e+01
2.842170000000000033e-14,0.000000000000000000e+00,2.063690000000000069e+01
-2.842170000000000033e-14,0.000000000000000000e+00,2.063690000000000069e+01
-1.421089999999999905e-14,0.000000000000000000e+00,2.063690000000000069e+01
1.421089999999999905e-14,2.842170000000000033e-14,2.063690000000000069e+01
2.842170000000000033e-14,-2.842170000000000033e-14,2.063690000000000069e+01
2.842170000000000033e-14,5.684340000000000066e-14,2.063690000000000069e+01
2.842170000000000033e-14,-2.842170000000000033e-14,2.063690000000000069e+01
0.000000000000000000e+00,0.000000000000000000e+00,2.063690000000000069e+01
0.000000000000000000e+00,0.000000000000000000e+00,2.063690000000000069e+01
0.000000000000000000e+00,2.842170000000000033e-14,2.063690000000000069e+01
0.000000000000000000e+00,-5.684340000000000066e-14,2.063690000000000069e+01
0.000000000000000000e+00,0.000000000000000000e+00,2.063690000000000069e+01
-2.842170000000000033e-14,0.000000000000000000e+00,2.063690000000000069e+01
-2.842170000000000033e-14,0.000000000000000000e+00,2.063690000000000069e+01
2.842170000000000033e-14,0.000000000000000000e+00,2.063690000000000069e+01
2.842170000000000033e-14,2.842170000000000033e-14,2.063690000000000069e+01
0.000000000000000000e+00,-5.684340000000000066e-14,2.063690000000000069e+01
-2.842170000000000033e-14,-2.842170000000000033e-14,2.063690000000000069e+01
0.000000000000000000e+00,2.842170000000000033e-14,2.063690000000000069e+01
0.000000000000000000e+00,0.000000000000000000e+00,2.063690000000000069e+01
-2.842170000000000033e-14,-1.421089999999999905e-14,2.063690000000000069e+01
0.000000000000000000e+00,1.421089999999999905e-14,2.063690000000000069e+01
0.000000000000000000e+00,1.421089999999999905e-14,2.063690000000000069e+01
0.000000000000000000e+00,-2.842170000000000033e-14,2.063690000000000069e+01
-1.421089999999999905e-14,1.421089999999999905e-14,2.063690000000000069e+01
2.842170000000000033e-14,0.000000000000000000e+00,2.063690000000000069e+01
0.000000000000000000e+00,7.105429999999999971e-15,2.063690000000000069e+01
-1.421089999999999905e-14,0.000000000000000000e+00,2.063690000000000069e+01
2.842170000000000033e-14,0.000000000000000000e+00,2.063690000000000069e+01
-1.421089999999999905e-14,1.421089999999999905e-14,2.063690000000000069e+01
0.000000000000000000e+00,0.000000000000000000e+00,2.063690000000000069e+01
0.000000000000000000e+00,1.421089999999999905e-14,2.063690000000000069e+01
-2.842170000000000033e-14,1.421089999999999905e-14,2.063690000000000069e+01
2.842170000000000033e-14,1.421089999999999905e-14,2.063690000000000069e+01
2.842170000000000033e-14,1.421089999999999905e-14,2.063690000000000069e+01
0.000000000000000000e+00,0.000000000000000000e+00,2.063690000000000069e+01
2.842170000000000033e-14,-5.684340000000000066e-14,2.063690000000000069e+01
-1.421089999999999905e-14,2.842170000000000033e-14,2.063690000000000069e+01
-1.421089999999999905e-14,0.000000000000000000e+00,2.063690000000000069e+01
-2.842170000000000033e-14,0.000000000000000000e+00,2.063690000000000069e+01
1.421089999999999905e-14,2.842170000000000033e-14,2.063690000000000069e+01
0.000000000000000000e+00,0.000000000000000000e+00,2.063690000000000069e+01
0.000000000000000000e+00,-2.842170000000000033e-14,2.063690000000000069e+01
-2.842170000000000033e-14,0.000000000000000000e+00,2.063690000000000069e+01
-2.842170000000000033e-14,0.000000000000000000e+00,2.063690000000000069e+01
2.842170000000000033e-14,-5.684340000000000066e-14,2.063690000000000069e+01
0.000000000000000000e+00,-5.684340000000000066e-14,2.063690000000000069e+01
-1.421089999999999905e-14,-5.684340000000000066e-14,2.063690000000000069e+01
-1.421089999999999905e-14,0.000000000000000000e+00,2.063690000000000069e+01
1.421089999999999905e-14,-5.684340000000000066e-14,2.063690000000000069e+01
0.000000000000000000e+00,0.000000000000000000e+00,2.063690000000000069e+01
0.000000000000000000e+00,0.000000000000000000e+00,2.063690000000000069e+01
-2.842170000000000033e-14,5.684340000000000066e-14,2.063690000000000069e+01
-2.842170000000000033e-14,0.000000000000000000e+00,2.063690000000000069e+01
-2.842170000000000033e-14,0.000000000000000000e+00,2.063690000000000069e+01
-2.842170000000000033e-14,5.684340000000000066e-14,2.063690000000000069e+01
0.000000000000000000e+00,-5.684340000000000066e-14,2.063690000000000069e+01
-2.842170000000000033e-14,0.000000000000000000e+00,2.063690000000000069e+01
0.000000000000000000e+00,1.136870000000000032e-13,2.063690000000000069e+01
2.842170000000000033e-14,-5.684340000000000066e-14,2.063690000000000069e+01
0.000000000000000000e+00,0.000000000000000000e+00,2.063690000000000069e+01
0.000000000000000000e+00,0.000000000000000000e+00,2.063690000000000069e+01
2.842170000000000033e-14,0.000000000000000000e+00,2.063690000000000069e+01
-2.842170000000000033e-14,0.000000000000000000e+00,2.063690000000000069e+01
5.684340000000000066e-14,0.000000000000000000e+00,2.063690000000000069e+01
0.000000000000000000e+00,0.000000000000000000e+00,2.063690000000000069e+01
-2.842170000000000033e-14,-5.684340000000000066e-14,2.063690000000000069e+01
-2.842170000000000033e-14,0.000000000000000000e+00,2.063690000000000069e+01
-2.842170000000000033e-14,0.000000000000000000e+00,2.063690000000000069e+01
0.000000000000000000e+00,0.000000000000000000e+00,2.063690000000000069e+01
0.000000000000000000e+00,-5.684340000000000066e-14,2.063690000000000069e+01
-5.684340000000000066e-14,5.684340000000000066e-14,2.063690000000000069e+01
2.842170000000000033e-14,5.684340000000000066e-14,2.063690000000000069e+01
-5.684340000000000066e-14,0.000000000000000000e+00,2.063690000000000069e+01
2.842170000000000033e-14,0.000000000000000000e+00,2.063690000000000069e+01
0.000000000000000000e+00,0.000000000000000000e+00,2.063690000000000069e+01
0.000000000000000000e+00,0.000000000000000000e+00,2.063690000000000069e+01
0.000000000000000000e+00,0.000000000000000000e+00,2.063690000000000069e+01
2.842170000000000033e-14,-5.684340000000000066e-14,2.063690000000000069e+01
0.000000000000000000e+00,0.000000000000000000e+00,2.063690000000000069e+01
0.000000000000000000e+00,-5.684340000000000066e-14,2.063690000000000069e+01
0.000000000000000000e+00,-5.684340000000000066e-14,2.063690000000000069e+01
-2.842170000000000033e-14,0.000000000000000000e+00,2.063690000000000069e+01
-5.684340000000000066e-14,0.000000000000000000e+00,2.063690000000000069e+01
-2.842170000000000033e-14,0.000000000000000000e+00,2.063690000000000069e+01
-2.842170000000000033e-14,0.000000000000000000e+00,2.063690000000000069e+01
2.842170000000000033e-14,-5.684340000000000066e-14,2.063690000000000069e+01
-2.842170000000000033e-14,0.000000000000000000e+00,2.063690000000000069e+01
0.000000000000000000e+00,0.000000000000000000e+00,2.063690000000000069e+01
2.842170000000000033e-14,-5.684340000000000066e-14,2.063690000000000069e+01
2.842170000000000033e-14,0.000000000000000000e+00,2.063690000000000069e+01
2.842170000000000033e-14,0.000000000000000000e+00,2.063690000000000069e+01
0.000000000000000000e+00,5.684340000000000066e-14,2.063690000000000069e+01
0.000000000000000000e+00,0.000000000000000000e+00,2.063690000000000069e+01
0.000000000000000000e+00,0.000000000000000000e+00,2.063690000000000069e+01
2.842170000000000033e-14,0.000000000000000000e+00,2.063690000000000069e+01
2.842170000000000033e-14,0.000000000000000000e+00,2.063690000000000069e+01
0.000000000000000000e+00,0.000000000000000000e+00,2.063690000000000069e+01
-2.842170000000000033e-14,0.000000000000000000e+00,2.063690000000000069e+01
-2.842170000000000033e-14,-5.684340000000000066e-14,2.063690000000000069e+01
1.421089999999999905e-14,0.000000000000000000e+00,2.063690000000000069e+01
0.000000000000000000e+00,-2.842170000000000033e-14,2.063690000000000069e+01
1.421089999999999905e-14,-2.842170000000000033e-14,2.063690000000000069e+01
0.000000000000000000e+00,0.000000000000000000e+00,2.063690000000000069e+01
0.000000000000000000e+00,2.842170000000000033e-14,2.063690000000000069e+01
1.421089999999999905e-14,-2.842170000000000033e-14,2.063690000000000069e+01
0.000000000000000000e+00,0.000000000000000000e+00,2.063690000000000069e+01
0.000000000000000000e+00,0.000000000000000000e+00,2.063690000000000069e+01
0.000000000000000000e+00,0.000000000000000000e+00,2.063690000000000069e+01
5.684340000000000066e-14,0.000000000000000000e+00,2.063690000000000069e+01
0.000000000000000000e+00,2.842170000000000033e-14,2.063690000000000069e+01
-2.842170000000000033e-14,-2.842170000000000033e-14,2.063690000000000069e+01
0.000000000000000000e+00,-5.684340000000000066e-14,2.063690000000000069e+01
0.000000000000000000e+00,2.842170000000000033e-14,2.063690000000000069e+01
2.842170000000000033e-14,0.000000000000000000e+00,2.063690000000000069e+01
0.000000000000000000e+00,0.000000000000000000e+00,2.063690000000000069e+01
-2.842170000000000033e-14,2.842170000000000033e-14,2.063690000000000069e+01
0.000000000000000000e+00,0.000000000000000000e+00,2.063690000000000069e+01
0.000000000000000000e+00,0.000000000000000000e+00,2.063690000000000069e+01
0.000000000000000000e+00,0.000000000000000000e+00,2.063690000000000069e+01
2.842170000000000033e-14,1.421089999999999905e-14,2.063690000000000069e+01
2.842170000000000033e-14,-1.421089999999999905e-14,2.063690000000000069e+01
0.000000000000000000e+00,0.000000000000000000e+00,2.063690000000000069e+01
0.000000000000000000e+00,1.421089999999999905e-14,2.063690000000000069e+01
0.000000000000000000e+00,1.421089999999999905e-14,2.063690000000000069e+01
-5.684340000000000066e-14,0.000000000000000000e+00,2.063690000000000069e+01
0.000000000000000000e+00,0.000000000000000000e+00,2.063690000000000069e+01
-5.684340000000000066e-14,-1.421089999999999905e-14,2.063690000000000069e+01
0.000000000000000000e+00,-1.421089999999999905e-14,2.063690000000000069e+01
5.684340000000000066e-14,1.421089999999999905e-14,2.063690000000000069e+01
0.000000000000000000e+00,4.263260000000000254e-14,2.063690000000000069e+01
0.000000000000000000e+00,1.421089999999999905e-14,2.063690000000000069e+01
0.000000000000000000e+00,1.421089999999999905e-14,2.063690000000000069e+01
0.000000000000000000e+00,-1.421089999999999905e-14,2.063690000000000069e+01
0.000000000000000000e+00,-1.421089999999999905e-14,2.063690000000000069e+01
0.000000000000000000e+00,1.421089999999999905e-14,2.063690000000000069e+01
0.000000000000000000e+00,-4.263260000000000254e-14,2.063690000000000069e+01
0.000000000000000000e+00,2.842170000000000033e-14,2.063690000000000069e+01
0.000000000000000000e+00,2.842170000000000033e-14,2.063690000000000069e+01
-5.684340000000000066e-14,0.000000000000000000e+00,2.063690000000000069e+01
0.000000000000000000e+00,-5.684340000000000066e-14,2.063690000000000069e+01
5.684340000000000066e-14,2.842170000000000033e-14,2.063690000000000069e+01
5.684340000000000066e-14,0.000000000000000000e+00,2.063690000000000069e+01
0.000000000000000000e+00,-2.842170000000000033e-14,2.063690000000000069e+01
0.000000000000000000e+00,-2.842170000000000033e-14,2.063690000000000069e+01
0.000000000000000000e+00,0.000000000000000000e+00,2.063690000000000069e+01
0.000000000000000000e+00,0.000000000000000000e+00,2.063690000000000069e+01
5.684340000000000066e-14,0.000000000000000000e+00,2.063690000000000069e+01
0.000000000000000000e+00,0.000000000000000000e+00,2.063690000000000069e+01
0.000000000000000000e+00,0.000000000000000000e+00,2.063690000000000069e+01
5.684340000000000066e-14,0.000000000000000000e+00,2.063690000000000069e+01
0.000000000000000000e+00,0.000000000000000000e+00,2.063690000000000069e+01
0.000000000000000000e+00,0.000000000000000000e+00,2.063690000000000069e+01
0.000000000000000000e+00,0.000000000000000000e+00,2.063690000000000069e+01
0.000000000000000000e+00,-2.842170000000000033e-14,2.063690000000000069e+01
5.684340000000000066e-14,-1.421089999999999905e-14,2.063690000000000069e+01
0.000000000000000000e+00,0.000000000000000000e+00,2.063690000000000069e+01
0.000000000000000000e+00,0.000000000000000000e+00,2.063690000000000069e+01
0.000000000000000000e+00,-2.842170000000000033e-14,2.063690000000000069e+01
5.684340000000000066e-14,0.000000000000000000e+00,2.063690000000000069e+01
2.842170000000000033e-14,2.842170000000000033e-14,2.063690000000000069e+01
0.000000000000000000e+00,0.000000000000000000e+00,2.063690000000000069e+01
0.000000000000000000e+00,-2.842170000000000033e-14,2.063690000000000069e+01
-2.842170000000000033e-14,2.842170000000000033e-14,2.063690000000000069e+01
0.000000000000000000e+00,-2.842170000000000033e-14,2.063690000000000069e+01
0.000000000000000000e+00,0.000000000000000000e+00,2.063690000000000069e+01
-2.842170000000000033e-14,0.000000000000000000e+00,2.063690000000000069e+01
-1.421089999999999905e-14,0.000000000000000000e+00,2.063690000000000069e+01
1.421089999999999905e-14,0.000000000000000000e+00,2.063690000000000069e+01
0.000000000000000000e+00,0.000000000000000000e+00,2.063690000000000069e+01
1.421089999999999905e-14,-5.684340000000000066e-14,2.063690000000000069e+01
1.421089999999999905e-14,5.684340000000000066e-14,2.063690000000000069e+01
1.421089999999999905e-14,0.000000000000000000e+00,2.063690000000000069e+01
-2.842170000000000033e-14,0.000000000000000000e+00,2.063690000000000069e+01
0.000000000000000000e+00,0.000000000000000000e+00,2.063690000000000069e+01
-1.421089999999999905e-14,0.000000000000000000e+00,2.063690000000000069e+01
1.421089999999999905e-14,0.000000000000000000e+00,2.063690000000000069e+01
-2.842170000000000033e-14,0.000000000000000000e+00,2.063690000000000069e+01
0.000000000000000000e+00,0.000000000000000000e+00,2.063690000000000069e+01
1.421089999999999905e-14,0.000000000000000000e+00,2.063690000000000069e+01
-1.421089999999999905e-14,0.000000000000000000e+00,2.063690000000000069e+01
0.000000000000000000e+00,0.000000000000000000e+00,2.063690000000000069e+01
2.131630000000000127e-14,-5.684340000000000066e-14,2.063690000000000069e+01
2.842170000000000033e-14,5.684340000000000066e-14,2.063690000000000069e+01
2.842170000000000033e-14,0.000000000000000000e+00,2.063690000000000069e+01
0.000000000000000000e+00,0.000000000000000000e+00,2.063690000000000069e+01
0.000000000000000000e+00,0.000000000000000000e+00,2.063690000000000069e+01
1.421089999999999905e-14,0.000000000000000000e+00,2.063690000000000069e+01
-1.421089999999999905e-14,0.000000000000000000e+00,2.063690000000000069e+01
0.000000000000000000e+00,0.000000000000000000e+00,2.063690000000000069e+01
-1.421089999999999905e-14,0.000000000000000000e+00,2.063690000000000069e+01
2.842170000000000033e-14,0.000000000000000000e+00,2.063690000000000069e+01
0.000000000000000000e+00,0.000000000000000000e+00,2.063690000000000069e+01
-1.421089999999999905e-14,0.000000000000000000e+00,2.063690000000000069e+01
-1.421089999999999905e-14,0.000000000000000000e+00,2.063690000000000069e+01
-2.842170000000000033e-14,0.000000000000000000e+00,2.063690000000000069e+01
0.000000000000000000e+00,-2.842170000000000033e-14,2.063690000000000069e+01
0.000000000000000000e+00,0.000000000000000000e+00,2.063690000000000069e+01
-2.842170000000000033e-14,0.000000000000000000e+00,2.063690000000000069e+01
-2.842170000000000033e-14,0.000000000000000000e+00,2.063690000000000069e+01
0.000000000000000000e+00,0.000000000000000000e+00,2.063690000000000069e+01
2.842170000000000033e-14,0.000000000000000000e+00,2.063690000000000069e+01
-2.842170000000000033e-14,0.000000000000000000e+00,2.063690000000000069e+01
-2.842170000000000033e-14,0.000000000000000000e+00,2.063690000000000069e+01
0.000000000000000000e+00,2.842170000000000033e-14,2.063690000000000069e+01
-1.421089999999999905e-14,0.000000000000000000e+00,2.063690000000000069e+01
1.421089999999999905e-14,0.000000000000000000e+00,2.063690000000000069e+01
2.842170000000000033e-14,-2.842170000000000033e-14,2.063690000000000069e+01
0.000000000000000000e+00,-2.842170000000000033e-14,2.063690000000000069e+01
1.421089999999999905e-14,0.000000000000000000e+00,2.063690000000000069e+01
0.000000000000000000e+00,0.000000000000000000e+00,2.063690000000000069e+01
-1.421089999999999905e-14,-2.842170000000000033e-14,2.063690000000000069e+01
0.000000000000000000e+00,-2.842170000000000033e-14,2.063690000000000069e+01
-2.842170000000000033e-14,0.000000000000000000e+00,2.063690000000000069e+01
1.421089999999999905e-14,-2.842170000000000033e-14,2.063690000000000069e+01
-1.421089999999999905e-14,0.000000000000000000e+00,2.063690000000000069e+01
-1.421089999999999905e-14,0.000000000000000000e+00,2.063690000000000069e+01
0.000000000000000000e+00,0.000000000000000000e+00,2.063690000000000069e+01
4.263260000000000254e-14,-2.842170000000000033e-14,2.063690000000000069e+01
0.000000000000000000e+00,5.684340000000000066e-14,2.063690000000000069e+01
0.000000000000000000e+00,-2.842170000000000033e-14,2.063690000000000069e+01
1.421089999999999905e-14,0.000000000000000000e+00,2.063690000000000069e+01
-1.421089999999999905e-14,2.842170000000000033e-14,2.063690000000000069e+01
-2.842170000000000033e-14,0.000000000000000000e+00,2.063690000000000069e+01
0.000000000000000000e+00,0.000000000000000000e+00,2.063690000000000069e+01
2.842170000000000033e-14,-2.842170000000000033e-14,2.063690000000000069e+01
-1.421089999999999905e-14,-2.842170000000000033e-14,2.063690000000000069e+01
0.000000000000000000e+00,0.000000000000000000e+00,2.063690000000000069e+01
1.421089999999999905e-14,0.000000000000000000e+00,2.063690000000000069e+01
0.000000000000000000e+00,2.842170000000000033e-14,2.063690000000000069e+01
-4.263260000000000254e-14,0.000000000000000000e+00,2.063690000000000069e+01
-1.421089999999999905e-14,0.000000000000000000e+00,2.063690000000000069e+01
-1.421089999999999905e-14,2.842170000000000033e-14,2.063690000000000069e+01
1.421089999999999905e-14,0.000000000000000000e+00,2.063690000000000069e+01
-1.421089999999999905e-14,0.000000000000000000e+00,2.063690000000000069e+01
1.421089999999999905e-14,0.000000000000000000e+00,2.063690000000000069e+01
-1.421089999999999905e-14,0.000000000000000000e+00,2.063690000000000069e+01
1.421089999999999905e-14,0.000000000000000000e+00,2.063690000000000069e+01
1.421089999999999905e-14,2.842170000000000033e-14,2.063690000000000069e+01
-1.421089999999999905e-14,0.000000000000000000e+00,2.063690000000000069e+01
0.000000000000000000e+00,0.000000000000000000e+00,2.063690000000000069e+01
0.000000000000000000e+00,2.842170000000000033e-14,2.063690000000000069e+01
0.000000000000000000e+00,2.842170000000000033e-14,2.063690000000000069e+01
0.000000000000000000e+00,2.842170000000000033e-14,2.063690000000000069e+01
-1.421089999999999905e-14,-2.842170000000000033e-14,2.063690000000000069e+01
0.000000000000000000e+00,0.000000000000000000e+00,2.063690000000000069e+01
-1.421089999999999905e-14,0.000000000000000000e+00,2.063690000000000069e+01
-1.421089999999999905e-14,2.842170000000000033e-14,2.063690000000000069e+01
2.842170000000000033e-14,0.000000000000000000e+00,2.063690000000000069e+01
-2.842170000000000033e-14,-2.842170000000000033e-14,2.063690000000000069e+01
2.842170000000000033e-14,0.000000000000000000e+00,2.063690000000000069e+01
-1.421089999999999905e-14,2.842170000000000033e-14,2.063690000000000069e+01
-1.421089999999999905e-14,0.000000000000000000e+00,2.063690000000000069e+01
1.421089999999999905e-14,0.000000000000000000e+00,2.063690000000000069e+01
1.421089999999999905e-14,0.000000000000000000e+00,2.063690000000000069e+01
0.000000000000000000e+00,0.000000000000000000e+00,2.063690000000000069e+01
0.000000000000000000e+00,-2.842170000000000033e-14,2.063690000000000069e+01
0.000000000000000000e+00,2.842170000000000033e-14,2.063690000000000069e+01
0.000000000000000000e+00,0.000000000000000000e+00,2.063690000000000069e+01
-2.842170000000000033e-14,-2.842170000000000033e-14,2.063690000000000069e+01
0.000000000000000000e+00,0.000000000000000000e+00,2.063690000000000069e+01
0.000000000000000000e+00,0.000000000000000000e+00,2.063690000000000069e+01
-2.842170000000000033e-14,0.000000000000000000e+00,2.063690000000000069e+01
-2.842170000000000033e-14,2.842170000000000033e-14,2.063690000000000069e+01
2.842170000000000033e-14,0.000000000000000000e+00,2.063690000000000069e+01
0.000000000000000000e+00,-2.842170000000000033e-14,2.063690000000000069e+01
2.842170000000000033e-14,0.000000000000000000e+00,2.063690000000000069e+01
0.000000000000000000e+00,0.000000000000000000e+00,2.063690000000000069e+01
2.842170000000000033e-14,2.842170000000000033e-14,2.063690000000000069e+01
-2.842170000000000033e-14,0.000000000000000000e+00,2.063690000000000069e+01
0.000000000000000000e+00,-1.421089999999999905e-14,2.063690000000000069e+01
0.000000000000000000e+00,1.421089999999999905e-14,2.063690000000000069e+01
0.000000000000000000e+00,2.842170000000000033e-14,2.063690000000000069e+01
0.000000000000000000e+00,0.000000000000000000e+00,2.063690000000000069e+01
0.000000000000000000e+00,-4.263260000000000254e-14,2.063690000000000069e+01
0.000000000000000000e+00,1.421089999999999905e-14,2.063690000000000069e+01
-2.842170000000000033e-14,2.842170000000000033e-14,2.063690000000000069e+01
0.000000000000000000e+00,2.842170000000000033e-14,2.063690000000000069e+01
0.000000000000000000e+00,1.421089999999999905e-14,2.063690000000000069e+01
0.000000000000000000e+00,0.000000000000000000e+00,2.063690000000000069e+01
2.842170000000000033e-14,0.000000000000000000e+00,2.063690000000000069e+01
0.000000000000000000e+00,0.000000000000000000e+00,2.063690000000000069e+01
0.000000000000000000e+00,2.842170000000000033e-14,2.063690000000000069e+01
-5.684340000000000066e-14,-1.421089999999999905e-14,2.063690000000000069e+01
0.000000000000000000e+00,0.000000000000000000e+00,2.063690000000000069e+01
0.000000000000000000e+00,1.421089999999999905e-14,2.063690000000000069e+01
0.000000000000000000e+00,0.000000000000000000e+00,2.063690000000000069e+01
0.000000000000000000e+00,-4.263260000000000254e-14,2.063690000000000069e+01
0.000000000000000000e+00,-1.421089999999999905e-14,2.063690000000000069e+01
0.000000000000000000e+00,1.421089999999999905e-14,2.063690000000000069e+01
0.000000000000000000e+00,-4.263260000000000254e-14,2.063690000000000069e+01
-5.684340000000000066e-14,0.000000000000000000e+00,2.063690000000000069e+01
0.000000000000000000e+00,2.842170000000000033e-14,2.063690000000000069e+01
0.000000000000000000e+00,-1.421089999999999905e-14,2.063690000000000069e+01
0.000000000000000000e+00,2.842170000000000033e-14,2.063690000000000069e+01
0.000000000000000000e+00,0.000000000000000000e+00,2.063690000000000069e+01
0.000000000000000000e+00,1.421089999999999905e-14,2.063690000000000069e+01
0.000000000000000000e+00,-2.842170000000000033e-14,2.063690000000000069e+01
0.000000000000000000e+00,1.421089999999999905e-14,2.063690000000000069e+01
0.000000000000000000e+00,1.421089999999999905e-14,2.063690000000000069e+01
0.000000000000000000e+00,0.000000000000000000e+00,2.063690000000000069e+01
-5.684340000000000066e-14,-2.842170000000000033e-14,2.063690000000000069e+01
0.000000000000000000e+00,-1.421089999999999905e-14,2.063690000000000069e+01
0.000000000000000000e+00,-2.842170000000000033e-14,2.063690000000000069e+01
5.684340000000000066e-14,2.842170000000000033e-14,2.063690000000000069e+01
0.000000000000000000e+00,2.842170000000000033e-14,2.063690000000000069e+01
0.000000000000000000e+00,0.000000000000000000e+00,2.063690000000000069e+01
0.000000000000000000e+00,-1.421089999999999905e-14,2.063690000000000069e+01
0.000000000000000000e+00,-1.421089999999999905e-14,2.063690000000000069e+01
1.136870000000000032e-13,-1.421089999999999905e-14,2.063690000000000069e+01
0.000000000000000000e+00,-2.842170000000000033e-14,2.063690000000000069e+01
0.000000000000000000e+00,-1.421089999999999905e-14,2.063690000000000069e+01
5.684340000000000066e-14,0.000000000000000000e+00,2.063690000000000069e+01
-5.684340000000000066e-14,2.842170000000000033e-14,2.063690000000000069e+01
0.000000000000000000e+00,1.421089999999999905e-14,2.063690000000000069e+01
0.000000000000000000e+00,0.000000000000000000e+00,2.063690000000000069e+01
0.000000000000000000e+00,-1.421089999999999905e-14,2.063690000000000069e+01
5.684340000000000066e-14,-4.263260000000000254e-14,2.063690000000000069e+01
0.000000000000000000e+00,-1.421089999999999905e-14,2.063690000000000069e+01
0.000000000000000000e+00,0.000000000000000000e+00,2.063690000000000069e+01
5.684340000000000066e-14,1.421089999999999905e-14,2.063690000000000069e+01
0.000000000000000000e+00,1.421089999999999905e-14,2.063690000000000069e+01
0.000000000000000000e+00,1.421089999999999905e-14,2.063690000000000069e+01
0.000000000000000000e+00,0.000000000000000000e+00,2.063690000000000069e+01
0.000000000000000000e+00,-1.421089999999999905e-14,2.063690000000000069e+01
0.000000000000000000e+00,1.421089999999999905e-14,2.063690000000000069e+01
0.000000000000000000e+00,0.000000000000000000e+00,2.063690000000000069e+01
0.000000000000000000e+00,0.000000000000000000e+00,2.063690000000000069e+01
0.000000000000000000e+00,0.000000000000000000e+00,2.063690000000000069e+01
5.684340000000000066e-14,-1.421089999999999905e-14,2.063690000000000069e+01
0.000000000000000000e+00,1.421089999999999905e-14,2.063690000000000069e+01
-2.842170000000000033e-14,-1.421089999999999905e-14,2.063690000000000069e+01
0.000000000000000000e+00,1.421089999999999905e-14,2.063690000000000069e+01
2.842170000000000033e-14,1.421089999999999905e-14,2.063690000000000069e+01
-2.842170000000000033e-14,0.000000000000000000e+00,2.063690000000000069e+01
2.842170000000000033e-14,0.000000000000000000e+00,2.063690000000000069e+01
0.000000000000000000e+00,-2.842170000000000033e-14,2.063690000000000069e+01
2.842170000000000033e-14,2.842170000000000033e-14,2.063690000000000069e+01
0.000000000000000000e+00,0.000000000000000000e+00,2.063690000000000069e+01
0.000000000000000000e+00,0.000000000000000000e+00,2.063690000000000069e+01
-2.842170000000000033e-14,0.000000000000000000e+00,2.063690000000000069e+01
0.000000000000000000e+00,-2.842170000000000033e-14,2.063690000000000069e+01
0.000000000000000000e+00,2.842170000000000033e-14,2.063690000000000069e+01
2.842170000000000033e-14,0.000000000000000000e+00,2.063690000000000069e+01
0.000000000000000000e+00,2.842170000000000033e-14,2.063690000000000069e+01
2.842170000000000033e-14,0.000000000000000000e+00,2.063690000000000069e+01
0.000000000000000000e+00,0.000000000000000000e+00,2.063690000000000069e+01
2.842170000000000033e-14,0.000000000000000000e+00,2.063690000000000069e+01
0.000000000000000000e+00,0.000000000000000000e+00,2.063690000000000069e+01
2.842170000000000033e-14,-2.842170000000000033e-14,2.063690000000000069e+01
-1.421089999999999905e-14,0.000000000000000000e+00,2.063690000000000069e+01
0.000000000000000000e+00,0.000000000000000000e+00,2.063690000000000069e+01
0.000000000000000000e+00,0.000000000000000000e+00,2.063690000000000069e+01
2.842170000000000033e-14,0.000000000000000000e+00,2.063690000000000069e+01
-1.421089999999999905e-14,0.000000000000000000e+00,2.063690000000000069e+01
7.105429999999999971e-15,-2.842170000000000033e-14,2.063690000000000069e+01
-1.421089999999999905e-14,-2.842170000000000033e-14,2.063690000000000069e+01
-7.105429999999999971e-15,0.000000000000000000e+00,2.063690000000000069e+01
-7.105429999999999971e-15,2.842170000000000033e-14,2.063690000000000069e+01
7.105429999999999971e-15,-2.842170000000000033e-14,2.063690000000000069e+01
-7.105429999999999971e-15,-2.842170000000000033e-14,2.063690000000000069e+01
0.000000000000000000e+00,0.000000000000000000e+00,2.063690000000000069e+01
0.000000000000000000e+00,0.000000000000000000e+00,2.063690000000000069e+01
-7.105429999999999971e-15,0.000000000000000000e+00,2.063690000000000069e+01
-7.105429999999999971e-15,0.000000000000000000e+00,2.063690000000000069e+01
-7.105429999999999971e-15,0.000000000000000000e+00,2.063690000000000069e+01
-1.065810000000000017e-14,0.000000000000000000e+00,2.063690000000000069e+01
-2.131630000000000127e-14,-2.842170000000000033e-14,2.063690000000000069e+01
1.065810000000000017e-14,0.000000000000000000e+00,2.063690000000000069e+01
-1.065810000000000017e-14,0.000000000000000000e+00,2.063690000000000069e+01
1.776360000000000016e-14,0.000000000000000000e+00,2.063690000000000069e+01
-3.552710000000000097e-15,-2.842170000000000033e-14,2.063690000000000069e+01
-3.552710000000000097e-15,0.000000000000000000e+00,2.063690000000000069e+01
1.421089999999999905e-14,0.000000000000000000e+00,2.063690000000000069e+01
7.105429999999999971e-15,2.842170000000000033e-14,2.063690000000000069e+01
1.421089999999999905e-14,0.000000000000000000e+00,2.063690000000000069e+01
0.000000000000000000e+00,2.842170000000000033e-14,2.063690000000000069e+01
-7.105429999999999971e-15,2.842170000000000033e-14,2.063690000000000069e+01
-7.105429999999999971e-15,2.842170000000000033e-14,2.063690000000000069e+01
0.000000000000000000e+00,0.000000000000000000e+00,2.063690000000000069e+01
0.000000000000000000e+00,-2.842170000000000033e-14,2.063690000000000069e+01
-1.421089999999999905e-14,0.000000000000000000e+00,2.063690000000000069e+01
-1.421089999999999905e-14,-2.842170000000000033e-14,2.063690000000000069e+01
0.000000000000000000e+00,-2.842170000000000033e-14,2.063690000000000069e+01
2.842170000000000033e-14,0.000000000000000000e+00,2.063690000000000069e+01
1.421089999999999905e-14,2.842170000000000033e-14,2.063690000000000069e+01
0.000000000000000000e+00,-1.421089999999999905e-14,2.063690000000000069e+01
-2.842170000000000033e-14,1.421089999999999905e-14,2.063690000000000069e+01
0.000000000000000000e+00,0.000000000000000000e+00,2.063690000000000069e+01
0.000000000000000000e+00,1.421089999999999905e-14,2.063690000000000069e+01
2.842170000000000033e-14,0.000000000000000000e+00,2.063690000000000069e+01
0.000000000000000000e+00,-2.842170000000000033e-14,2.063690000000000069e+01
0.000000000000000000e+00,2.842170000000000033e-14,2.063690000000000069e+01
-2.842170000000000033e-14,1.421089999999999905e-14,2.063690000000000069e+01
0.000000000000000000e+00,1.421089999999999905e-14,2.063690000000000069e+01
0.000000000000000000e+00,0.000000000000000000e+00,2.063690000000000069e+01
0.000000000000000000e+00,0.000000000000000000e+00,2.063690000000000069e+01
0.000000000000000000e+00,1.421089999999999905e-14,2.063690000000000069e+01
-2.842170000000000033e-14,2.842170000000000033e-14,2.063690000000000069e+01
0.000000000000000000e+00,1.421089999999999905e-14,2.063690000000000069e+01
0.000000000000000000e+00,0.000000000000000000e+00,2.063690000000000069e+01
0.000000000000000000e+00,-1.421089999999999905e-14,2.063690000000000069e+01
-2.842170000000000033e-14,-1.421089999999999905e-14,2.063690000000000069e+01
-2.842170000000000033e-14,-2.842170000000000033e-14,2.063690000000000069e+01
-2.842170000000000033e-14,2.842170000000000033e-14,2.063690000000000069e+01
0.000000000000000000e+00,2.842170000000000033e-14,2.063690000000000069e+01
0.000000000000000000e+00,2.842170000000000033e-14,2.063690000000000069e+01
